S1	E1	S2	E2	Reference	Contig	IDY	Ambiguous	Best_group
1871055	2302539	431487	1	gi_48994873_gb_U00096.2_	NODE_1_length_2774924_cov_44.302918	100.0		True
relocation, inconsistency = -106240
1976527	1977294	432255	431488	gi_48994873_gb_U00096.2_	NODE_1_length_2774924_cov_44.302918	100.0		True
relocation, inconsistency = 105463
1298718	1871063	1004601	432256	gi_48994873_gb_U00096.2_	NODE_1_length_2774924_cov_44.302918	99.99		True
relocation, inconsistency = 415877
2286941	2288135	1004602	1005796	gi_48994873_gb_U00096.2_	NODE_1_length_2774924_cov_44.302918	100.0		True
relocation, inconsistency = 988219
1096626	1298721	1207892	1005797	gi_48994873_gb_U00096.2_	NODE_1_length_2774924_cov_44.302918	99.99		True
local misassembly
339166	1096806	1965537	1207893	gi_48994873_gb_U00096.2_	NODE_1_length_2774924_cov_44.302918	99.99		True
local misassembly
257900	338979	2046617	1965538	gi_48994873_gb_U00096.2_	NODE_1_length_2774924_cov_44.302918	99.97		True
relocation, inconsistency = 237336
19796	20563	2047385	2046618	gi_48994873_gb_U00096.2_	NODE_1_length_2774924_cov_44.302918	100.0		True
relocation, inconsistency = -238112
1	257907	2305291	2047386	gi_48994873_gb_U00096.2_	NODE_1_length_2774924_cov_44.302918	99.99		True
fake: not a misassembly [linear representation of circular genome]
4293971	4639675	2650999	2305292	gi_48994873_gb_U00096.2_	NODE_1_length_2774924_cov_44.302918	100.0		True
local misassembly
4169934	4293857	2774924	2651000	gi_48994873_gb_U00096.2_	NODE_1_length_2774924_cov_44.302918	99.98		True
CONTIG	NODE_1_length_2774924_cov_44.302918	2774924	misassembled
3706658	3765297	58640	1	gi_48994873_gb_U00096.2_	NODE_2_length_1035676_cov_44.954263	99.99		True
local misassembly
2729453	3706489	1035676	58641	gi_48994873_gb_U00096.2_	NODE_2_length_1035676_cov_44.954263	99.99		True
CONTIG	NODE_2_length_1035676_cov_44.954263	1035676	correct
2660606	2724138	63533	1	gi_48994873_gb_U00096.2_	NODE_3_length_421339_cov_39.863645	99.99		True
local misassembly
2302711	2660514	421339	63534	gi_48994873_gb_U00096.2_	NODE_3_length_421339_cov_39.863645	99.99		True
CONTIG	NODE_3_length_421339_cov_39.863645	421339	correct
3765544	4164376	1	398831	gi_48994873_gb_U00096.2_	NODE_4_length_398831_cov_48.338606	99.99		True
CONTIG	NODE_4_length_398831_cov_48.338606	398831	correct
CONTIG	NODE_5_length_542_cov_1.014374	542	unaligned
