S1	E1	S2	E2	Reference	Contig	IDY	Ambiguous	Best_group
2302595	2660329	1	357737	gi_48994873_gb_U00096.2_	NODE_1_length_4642160_cov_44.942287	99.99		True
local misassembly
2660421	3706489	357738	1403806	gi_48994873_gb_U00096.2_	NODE_1_length_4642160_cov_44.942287	99.99		True
local misassembly
3706658	4294345	1403807	1991493	gi_48994873_gb_U00096.2_	NODE_1_length_4642160_cov_44.942287	99.98		True
local misassembly
4294457	4639675	1991494	2336713	gi_48994873_gb_U00096.2_	NODE_1_length_4642160_cov_44.942287	100.0		True
fake: not a misassembly [linear representation of circular genome]
1	257907	2336714	2594619	gi_48994873_gb_U00096.2_	NODE_1_length_4642160_cov_44.942287	99.99		True
relocation, inconsistency = -238112
19796	20563	2594620	2595387	gi_48994873_gb_U00096.2_	NODE_1_length_4642160_cov_44.942287	100.0		True
relocation, inconsistency = 237336
257900	338979	2595388	2676467	gi_48994873_gb_U00096.2_	NODE_1_length_4642160_cov_44.942287	99.97		True
local misassembly
339166	1096806	2676468	3434112	gi_48994873_gb_U00096.2_	NODE_1_length_4642160_cov_44.942287	99.99		True
local misassembly
1096626	1298721	3434113	3636208	gi_48994873_gb_U00096.2_	NODE_1_length_4642160_cov_44.942287	99.99		True
relocation, inconsistency = 988219
2286941	2288135	3637403	3636209	gi_48994873_gb_U00096.2_	NODE_1_length_4642160_cov_44.942287	100.0		True
relocation, inconsistency = 415877
1298718	1871063	3637404	4209749	gi_48994873_gb_U00096.2_	NODE_1_length_4642160_cov_44.942287	99.99		True
relocation, inconsistency = 105463
1976527	1977294	4209750	4210517	gi_48994873_gb_U00096.2_	NODE_1_length_4642160_cov_44.942287	100.0		True
relocation, inconsistency = -106240
1871055	2302695	4210518	4642160	gi_48994873_gb_U00096.2_	NODE_1_length_4642160_cov_44.942287	100.0		True
CONTIG	NODE_1_length_4642160_cov_44.942287	4642160	misassembled
CONTIG	NODE_2_length_542_cov_1.014374	542	unaligned
